"filename", "language", "JSON", "Markdown", "JSON with Comments", "PostCSS", "TypeScript", "HTML", "SCSS", "JavaScript", "comment", "blank", "total"
"c:\ProyectoVehiculos\ProyectoReformasVehiculos\README.md", "Markdown", 0, 1, 0, 0, 0, 0, 0, 0, 0, 1, 2
"c:\ProyectoVehiculos\ProyectoReformasVehiculos\backend\index.js", "JavaScript", 0, 0, 0, 0, 0, 0, 0, 313, 24, 65, 402
"c:\ProyectoVehiculos\ProyectoReformasVehiculos\backend\ingenieros.json", "JSON", 23, 0, 0, 0, 0, 0, 0, 0, 0, 0, 23
"c:\ProyectoVehiculos\ProyectoReformasVehiculos\backend\package-lock.json", "JSON", 1025, 0, 0, 0, 0, 0, 0, 0, 0, 1, 1026
"c:\ProyectoVehiculos\ProyectoReformasVehiculos\backend\package.json", "JSON", 18, 0, 0, 0, 0, 0, 0, 0, 0, 1, 19
"c:\ProyectoVehiculos\ProyectoReformasVehiculos\backend\proyectos\125_2025\proyecto.json", "JSON", 556, 0, 0, 0, 0, 0, 0, 0, 0, 0, 556
"c:\ProyectoVehiculos\ProyectoReformasVehiculos\backend\proyectos\126_2025\proyecto.json", "JSON", 331, 0, 0, 0, 0, 0, 0, 0, 0, 1, 332
"c:\ProyectoVehiculos\ProyectoReformasVehiculos\backend\proyectos\127_2025\proyecto.json", "JSON", 229, 0, 0, 0, 0, 0, 0, 0, 0, 0, 229
"c:\ProyectoVehiculos\ProyectoReformasVehiculos\backend\proyectos\128_2025\proyecto.json", "JSON", 368, 0, 0, 0, 0, 0, 0, 0, 0, 0, 368
"c:\ProyectoVehiculos\ProyectoReformasVehiculos\backend\proyectos\129_2025\proyecto.json", "JSON", 1339, 0, 0, 0, 0, 0, 0, 0, 0, 0, 1339
"c:\ProyectoVehiculos\ProyectoReformasVehiculos\backend\proyectos\18_2025\proyecto.json", "JSON", 406, 0, 0, 0, 0, 0, 0, 0, 0, 0, 406
"c:\ProyectoVehiculos\ProyectoReformasVehiculos\backend\proyectos\19_2025\proyecto.json", "JSON", 492, 0, 0, 0, 0, 0, 0, 0, 0, 0, 492
"c:\ProyectoVehiculos\ProyectoReformasVehiculos\backend\proyectos\20_2025\proyecto.json", "JSON", 381, 0, 0, 0, 0, 0, 0, 0, 0, 0, 381
"c:\ProyectoVehiculos\ProyectoReformasVehiculos\backend\proyectos\21_2025\proyecto.json", "JSON", 381, 0, 0, 0, 0, 0, 0, 0, 0, 0, 381
"c:\ProyectoVehiculos\ProyectoReformasVehiculos\backend\proyectos\22_2025\proyecto.json", "JSON", 379, 0, 0, 0, 0, 0, 0, 0, 0, 0, 379
"c:\ProyectoVehiculos\ProyectoReformasVehiculos\backend\proyectos\23_2025\proyecto.json", "JSON", 381, 0, 0, 0, 0, 0, 0, 0, 0, 0, 381
"c:\ProyectoVehiculos\ProyectoReformasVehiculos\backend\proyectos\24_2025\proyecto.json", "JSON", 381, 0, 0, 0, 0, 0, 0, 0, 0, 0, 381
"c:\ProyectoVehiculos\ProyectoReformasVehiculos\backend\proyectos\25_2025\proyecto.json", "JSON", 379, 0, 0, 0, 0, 0, 0, 0, 0, 0, 379
"c:\ProyectoVehiculos\ProyectoReformasVehiculos\backend\proyectos\26_2025\proyecto.json", "JSON", 379, 0, 0, 0, 0, 0, 0, 0, 0, 0, 379
"c:\ProyectoVehiculos\ProyectoReformasVehiculos\backend\proyectos\27_2025\proyecto.json", "JSON", 379, 0, 0, 0, 0, 0, 0, 0, 0, 0, 379
"c:\ProyectoVehiculos\ProyectoReformasVehiculos\backend\proyectos\28_2025\proyecto.json", "JSON", 381, 0, 0, 0, 0, 0, 0, 0, 0, 0, 381
"c:\ProyectoVehiculos\ProyectoReformasVehiculos\backend\proyectos\29_2025\proyecto.json", "JSON", 379, 0, 0, 0, 0, 0, 0, 0, 0, 0, 379
"c:\ProyectoVehiculos\ProyectoReformasVehiculos\backend\proyectos\30_2025\proyecto.json", "JSON", 379, 0, 0, 0, 0, 0, 0, 0, 0, 0, 379
"c:\ProyectoVehiculos\ProyectoReformasVehiculos\backend\proyectos\31_2025\proyecto.json", "JSON", 732, 0, 0, 0, 0, 0, 0, 0, 0, 0, 732
"c:\ProyectoVehiculos\ProyectoReformasVehiculos\backend\proyectos\32_2025\proyecto.json", "JSON", 385, 0, 0, 0, 0, 0, 0, 0, 0, 0, 385
"c:\ProyectoVehiculos\ProyectoReformasVehiculos\backend\proyectos\33_2025\proyecto.json", "JSON", 690, 0, 0, 0, 0, 0, 0, 0, 0, 0, 690
"c:\ProyectoVehiculos\ProyectoReformasVehiculos\backend\proyectos\34_2025\proyecto.json", "JSON", 366, 0, 0, 0, 0, 0, 0, 0, 0, 0, 366
"c:\ProyectoVehiculos\ProyectoReformasVehiculos\backend\proyectos\35_2025\proyecto.json", "JSON", 395, 0, 0, 0, 0, 0, 0, 0, 0, 0, 395
"c:\ProyectoVehiculos\ProyectoReformasVehiculos\backend\proyectos\36_2025\proyecto.json", "JSON", 394, 0, 0, 0, 0, 0, 0, 0, 0, 0, 394
"c:\ProyectoVehiculos\ProyectoReformasVehiculos\backend\proyectos\37_2025\proyecto.json", "JSON", 394, 0, 0, 0, 0, 0, 0, 0, 0, 0, 394
"c:\ProyectoVehiculos\ProyectoReformasVehiculos\backend\proyectos\38_2025\proyecto.json", "JSON", 394, 0, 0, 0, 0, 0, 0, 0, 0, 0, 394
"c:\ProyectoVehiculos\ProyectoReformasVehiculos\backend\proyectos\39_2025\proyecto.json", "JSON", 655, 0, 0, 0, 0, 0, 0, 0, 0, 0, 655
"c:\ProyectoVehiculos\ProyectoReformasVehiculos\backend\proyectos\40_2025\proyecto.json", "JSON", 383, 0, 0, 0, 0, 0, 0, 0, 0, 0, 383
"c:\ProyectoVehiculos\ProyectoReformasVehiculos\backend\proyectos\41_2025\proyecto.json", "JSON", 1077, 0, 0, 0, 0, 0, 0, 0, 0, 0, 1077
"c:\ProyectoVehiculos\ProyectoReformasVehiculos\backend\proyectos\42_2025\proyecto.json", "JSON", 425, 0, 0, 0, 0, 0, 0, 0, 0, 0, 425
"c:\ProyectoVehiculos\ProyectoReformasVehiculos\backend\proyectos\43_2025\proyecto.json", "JSON", 374, 0, 0, 0, 0, 0, 0, 0, 0, 0, 374
"c:\ProyectoVehiculos\ProyectoReformasVehiculos\backend\talleres.json", "JSON", 46, 0, 0, 0, 0, 0, 0, 0, 0, 0, 46
"c:\ProyectoVehiculos\ProyectoReformasVehiculos\backend\ultimoProyecto.json", "JSON", 4, 0, 0, 0, 0, 0, 0, 0, 0, 0, 4
"c:\ProyectoVehiculos\ProyectoReformasVehiculos\package-lock.json", "JSON", 225, 0, 0, 0, 0, 0, 0, 0, 0, 1, 226
"c:\ProyectoVehiculos\ProyectoReformasVehiculos\package.json", "JSON", 9, 0, 0, 0, 0, 0, 0, 0, 0, 1, 10
"c:\ProyectoVehiculos\ProyectoReformasVehiculos\reformas-app\README.md", "Markdown", 0, 36, 0, 0, 0, 0, 0, 0, 0, 24, 60
"c:\ProyectoVehiculos\ProyectoReformasVehiculos\reformas-app\angular.json", "JSON", 291, 0, 0, 0, 0, 0, 0, 0, 0, 1, 292
"c:\ProyectoVehiculos\ProyectoReformasVehiculos\reformas-app\package-lock.json", "JSON", 16063, 0, 0, 0, 0, 0, 0, 0, 0, 1, 16064
"c:\ProyectoVehiculos\ProyectoReformasVehiculos\reformas-app\package.json", "JSON", 54, 0, 0, 0, 0, 0, 0, 0, 0, 1, 55
"c:\ProyectoVehiculos\ProyectoReformasVehiculos\reformas-app\projects\reformas-clientes\src\app\app.component.css", "PostCSS", 0, 0, 0, 0, 0, 0, 0, 0, 0, 1, 1
"c:\ProyectoVehiculos\ProyectoReformasVehiculos\reformas-app\projects\reformas-clientes\src\app\app.component.html", "HTML", 0, 0, 0, 0, 0, 26, 0, 0, 4, 6, 36
"c:\ProyectoVehiculos\ProyectoReformasVehiculos\reformas-app\projects\reformas-clientes\src\app\app.component.spec.ts", "TypeScript", 0, 0, 0, 0, 18, 0, 0, 0, 0, 6, 24
"c:\ProyectoVehiculos\ProyectoReformasVehiculos\reformas-app\projects\reformas-clientes\src\app\app.component.ts", "TypeScript", 0, 0, 0, 0, 9, 0, 0, 0, 0, 2, 11
"c:\ProyectoVehiculos\ProyectoReformasVehiculos\reformas-app\projects\reformas-clientes\src\app\app.config.ts", "TypeScript", 0, 0, 0, 0, 10, 0, 0, 0, 0, 3, 13
"c:\ProyectoVehiculos\ProyectoReformasVehiculos\reformas-app\projects\reformas-clientes\src\app\app.routes.ts", "TypeScript", 0, 0, 0, 0, 13, 0, 0, 0, 0, 2, 15
"c:\ProyectoVehiculos\ProyectoReformasVehiculos\reformas-app\projects\reformas-clientes\src\app\funciones\generarInformeProyecto.ts", "TypeScript", 0, 0, 0, 0, 965, 0, 0, 0, 11, 52, 1028
"c:\ProyectoVehiculos\ProyectoReformasVehiculos\reformas-app\projects\reformas-clientes\src\app\interfaces\modificacion.ts", "TypeScript", 0, 0, 0, 0, 611, 0, 0, 0, 0, 23, 634
"c:\ProyectoVehiculos\ProyectoReformasVehiculos\reformas-app\projects\reformas-clientes\src\app\pages\crear-reforma\crear-reforma.component.css", "PostCSS", 0, 0, 0, 0, 0, 0, 0, 0, 0, 1, 1
"c:\ProyectoVehiculos\ProyectoReformasVehiculos\reformas-app\projects\reformas-clientes\src\app\pages\crear-reforma\crear-reforma.component.html", "HTML", 0, 0, 0, 0, 0, 119, 0, 0, 5, 14, 138
"c:\ProyectoVehiculos\ProyectoReformasVehiculos\reformas-app\projects\reformas-clientes\src\app\pages\crear-reforma\crear-reforma.component.spec.ts", "TypeScript", 0, 0, 0, 0, 18, 0, 0, 0, 0, 6, 24
"c:\ProyectoVehiculos\ProyectoReformasVehiculos\reformas-app\projects\reformas-clientes\src\app\pages\crear-reforma\crear-reforma.component.ts", "TypeScript", 0, 0, 0, 0, 369, 0, 0, 0, 19, 56, 444
"c:\ProyectoVehiculos\ProyectoReformasVehiculos\reformas-app\projects\reformas-clientes\src\app\pages\finalizar-reforma\finalizar-reforma.component.css", "PostCSS", 0, 0, 0, 0, 0, 0, 0, 0, 0, 1, 1
"c:\ProyectoVehiculos\ProyectoReformasVehiculos\reformas-app\projects\reformas-clientes\src\app\pages\finalizar-reforma\finalizar-reforma.component.html", "HTML", 0, 0, 0, 0, 0, 230, 0, 0, 3, 18, 251
"c:\ProyectoVehiculos\ProyectoReformasVehiculos\reformas-app\projects\reformas-clientes\src\app\pages\finalizar-reforma\finalizar-reforma.component.spec.ts", "TypeScript", 0, 0, 0, 0, 18, 0, 0, 0, 0, 6, 24
"c:\ProyectoVehiculos\ProyectoReformasVehiculos\reformas-app\projects\reformas-clientes\src\app\pages\finalizar-reforma\finalizar-reforma.component.ts", "TypeScript", 0, 0, 0, 0, 156, 0, 0, 0, 12, 35, 203
"c:\ProyectoVehiculos\ProyectoReformasVehiculos\reformas-app\projects\reformas-clientes\src\app\pages\formulario-proyecto\formulario-proyecto.component.css", "PostCSS", 0, 0, 0, 0, 0, 0, 0, 0, 0, 1, 1
"c:\ProyectoVehiculos\ProyectoReformasVehiculos\reformas-app\projects\reformas-clientes\src\app\pages\formulario-proyecto\formulario-proyecto.component.html", "HTML", 0, 0, 0, 0, 0, 300, 0, 0, 0, 20, 320
"c:\ProyectoVehiculos\ProyectoReformasVehiculos\reformas-app\projects\reformas-clientes\src\app\pages\formulario-proyecto\formulario-proyecto.component.spec.ts", "TypeScript", 0, 0, 0, 0, 18, 0, 0, 0, 0, 6, 24
"c:\ProyectoVehiculos\ProyectoReformasVehiculos\reformas-app\projects\reformas-clientes\src\app\pages\formulario-proyecto\formulario-proyecto.component.ts", "TypeScript", 0, 0, 0, 0, 257, 0, 0, 0, 7, 25, 289
"c:\ProyectoVehiculos\ProyectoReformasVehiculos\reformas-app\projects\reformas-clientes\src\app\pages\imagenes\imagenes.component.css", "PostCSS", 0, 0, 0, 27, 0, 0, 0, 0, 4, 4, 35
"c:\ProyectoVehiculos\ProyectoReformasVehiculos\reformas-app\projects\reformas-clientes\src\app\pages\imagenes\imagenes.component.html", "HTML", 0, 0, 0, 0, 0, 744, 0, 0, 0, 51, 795
"c:\ProyectoVehiculos\ProyectoReformasVehiculos\reformas-app\projects\reformas-clientes\src\app\pages\imagenes\imagenes.component.spec.ts", "TypeScript", 0, 0, 0, 0, 18, 0, 0, 0, 0, 6, 24
"c:\ProyectoVehiculos\ProyectoReformasVehiculos\reformas-app\projects\reformas-clientes\src\app\pages\imagenes\imagenes.component.ts", "TypeScript", 0, 0, 0, 0, 2375, 0, 0, 0, 64, 144, 2583
"c:\ProyectoVehiculos\ProyectoReformasVehiculos\reformas-app\projects\reformas-clientes\src\app\pages\resumen-modificaciones\resumen-modificaciones.component.css", "PostCSS", 0, 0, 0, 43, 0, 0, 0, 0, 3, 7, 53
"c:\ProyectoVehiculos\ProyectoReformasVehiculos\reformas-app\projects\reformas-clientes\src\app\pages\resumen-modificaciones\resumen-modificaciones.component.html", "HTML", 0, 0, 0, 0, 0, 6830, 0, 0, 81, 332, 7243
"c:\ProyectoVehiculos\ProyectoReformasVehiculos\reformas-app\projects\reformas-clientes\src\app\pages\resumen-modificaciones\resumen-modificaciones.component.spec.ts", "TypeScript", 0, 0, 0, 0, 18, 0, 0, 0, 0, 6, 24
"c:\ProyectoVehiculos\ProyectoReformasVehiculos\reformas-app\projects\reformas-clientes\src\app\pages\resumen-modificaciones\resumen-modificaciones.component.ts", "TypeScript", 0, 0, 0, 0, 696, 0, 0, 0, 24, 96, 816
"c:\ProyectoVehiculos\ProyectoReformasVehiculos\reformas-app\projects\reformas-clientes\src\app\pages\tipo-vehiculo\tipo-vehiculo.component.css", "PostCSS", 0, 0, 0, 0, 0, 0, 0, 0, 0, 1, 1
"c:\ProyectoVehiculos\ProyectoReformasVehiculos\reformas-app\projects\reformas-clientes\src\app\pages\tipo-vehiculo\tipo-vehiculo.component.html", "HTML", 0, 0, 0, 0, 0, 1067, 0, 0, 32, 52, 1151
"c:\ProyectoVehiculos\ProyectoReformasVehiculos\reformas-app\projects\reformas-clientes\src\app\pages\tipo-vehiculo\tipo-vehiculo.component.spec.ts", "TypeScript", 0, 0, 0, 0, 18, 0, 0, 0, 0, 6, 24
"c:\ProyectoVehiculos\ProyectoReformasVehiculos\reformas-app\projects\reformas-clientes\src\app\pages\tipo-vehiculo\tipo-vehiculo.component.ts", "TypeScript", 0, 0, 0, 0, 1261, 0, 0, 0, 9, 110, 1380
"c:\ProyectoVehiculos\ProyectoReformasVehiculos\reformas-app\projects\reformas-clientes\src\app\services\datos-reforma.service.spec.ts", "TypeScript", 0, 0, 0, 0, 12, 0, 0, 0, 0, 5, 17
"c:\ProyectoVehiculos\ProyectoReformasVehiculos\reformas-app\projects\reformas-clientes\src\app\services\datos-reforma.service.ts", "TypeScript", 0, 0, 0, 0, 14, 0, 0, 0, 0, 5, 19
"c:\ProyectoVehiculos\ProyectoReformasVehiculos\reformas-app\projects\reformas-clientes\src\app\services\reformas.service.spec.ts", "TypeScript", 0, 0, 0, 0, 12, 0, 0, 0, 0, 5, 17
"c:\ProyectoVehiculos\ProyectoReformasVehiculos\reformas-app\projects\reformas-clientes\src\app\services\reformas.service.ts", "TypeScript", 0, 0, 0, 0, 7, 0, 0, 0, 0, 3, 10
"c:\ProyectoVehiculos\ProyectoReformasVehiculos\reformas-app\projects\reformas-clientes\src\assets\codigos_reforma_vehiculo.json", "JSON", 398, 0, 0, 0, 0, 0, 0, 0, 0, 9, 407
"c:\ProyectoVehiculos\ProyectoReformasVehiculos\reformas-app\projects\reformas-clientes\src\assets\ingeniero.json", "JSON", 20, 0, 0, 0, 0, 0, 0, 0, 0, 1, 21
"c:\ProyectoVehiculos\ProyectoReformasVehiculos\reformas-app\projects\reformas-clientes\src\assets\opciones_reforma_vehiculos.json", "JSON", 46, 0, 0, 0, 0, 0, 0, 0, 0, 1, 47
"c:\ProyectoVehiculos\ProyectoReformasVehiculos\reformas-app\projects\reformas-clientes\src\index.html", "HTML", 0, 0, 0, 0, 0, 13, 0, 0, 0, 1, 14
"c:\ProyectoVehiculos\ProyectoReformasVehiculos\reformas-app\projects\reformas-clientes\src\main.ts", "TypeScript", 0, 0, 0, 0, 6, 0, 0, 0, 0, 2, 8
"c:\ProyectoVehiculos\ProyectoReformasVehiculos\reformas-app\projects\reformas-clientes\src\styles.css", "PostCSS", 0, 0, 0, 0, 0, 0, 0, 0, 1, 1, 2
"c:\ProyectoVehiculos\ProyectoReformasVehiculos\reformas-app\projects\reformas-clientes\tsconfig.app.json", "JSON", 14, 0, 0, 0, 0, 0, 0, 0, 2, 1, 17
"c:\ProyectoVehiculos\ProyectoReformasVehiculos\reformas-app\projects\reformas-clientes\tsconfig.spec.json", "JSON", 13, 0, 0, 0, 0, 0, 0, 0, 2, 1, 16
"c:\ProyectoVehiculos\ProyectoReformasVehiculos\reformas-app\projects\reformas-test\src\app\Funciones\buildModificacionesParagraphs.ts", "TypeScript", 0, 0, 0, 0, 2088, 0, 0, 0, 237, 301, 2626
"c:\ProyectoVehiculos\ProyectoReformasVehiculos\reformas-app\projects\reformas-test\src\app\Funciones\calculos.ts", "TypeScript", 0, 0, 0, 0, 4975, 0, 0, 0, 166, 273, 5414
"c:\ProyectoVehiculos\ProyectoReformasVehiculos\reformas-app\projects\reformas-test\src\app\app.component.css", "PostCSS", 0, 0, 0, 0, 0, 0, 0, 0, 0, 1, 1
"c:\ProyectoVehiculos\ProyectoReformasVehiculos\reformas-app\projects\reformas-test\src\app\app.component.html", "HTML", 0, 0, 0, 0, 0, 51, 0, 0, 5, 7, 63
"c:\ProyectoVehiculos\ProyectoReformasVehiculos\reformas-app\projects\reformas-test\src\app\app.component.scss", "SCSS", 0, 0, 0, 0, 0, 0, 0, 0, 0, 1, 1
"c:\ProyectoVehiculos\ProyectoReformasVehiculos\reformas-app\projects\reformas-test\src\app\app.component.spec.ts", "TypeScript", 0, 0, 0, 0, 25, 0, 0, 0, 0, 5, 30
"c:\ProyectoVehiculos\ProyectoReformasVehiculos\reformas-app\projects\reformas-test\src\app\app.component.ts", "TypeScript", 0, 0, 0, 0, 11, 0, 0, 0, 0, 3, 14
"c:\ProyectoVehiculos\ProyectoReformasVehiculos\reformas-app\projects\reformas-test\src\app\app.config.ts", "TypeScript", 0, 0, 0, 0, 11, 0, 0, 0, 0, 3, 14
"c:\ProyectoVehiculos\ProyectoReformasVehiculos\reformas-app\projects\reformas-test\src\app\app.html", "HTML", 0, 0, 0, 0, 0, 298, 0, 0, 15, 30, 343
"c:\ProyectoVehiculos\ProyectoReformasVehiculos\reformas-app\projects\reformas-test\src\app\app.routes.ts", "TypeScript", 0, 0, 0, 0, 20, 0, 0, 0, 0, 2, 22
"c:\ProyectoVehiculos\ProyectoReformasVehiculos\reformas-app\projects\reformas-test\src\app\app.spec.ts", "TypeScript", 0, 0, 0, 0, 20, 0, 0, 0, 0, 4, 24
"c:\ProyectoVehiculos\ProyectoReformasVehiculos\reformas-app\projects\reformas-test\src\app\app.ts", "TypeScript", 0, 0, 0, 0, 10, 0, 0, 0, 0, 2, 12
"c:\ProyectoVehiculos\ProyectoReformasVehiculos\reformas-app\projects\reformas-test\src\app\formulario-taller\gestionar-taller.component.css", "PostCSS", 0, 0, 0, 0, 0, 0, 0, 0, 0, 1, 1
"c:\ProyectoVehiculos\ProyectoReformasVehiculos\reformas-app\projects\reformas-test\src\app\formulario-taller\gestionar-taller.component.html", "HTML", 0, 0, 0, 0, 0, 158, 0, 0, 3, 5, 166
"c:\ProyectoVehiculos\ProyectoReformasVehiculos\reformas-app\projects\reformas-test\src\app\formulario-taller\gestionar-taller.component.spec.ts", "TypeScript", 0, 0, 0, 0, 18, 0, 0, 0, 0, 6, 24
"c:\ProyectoVehiculos\ProyectoReformasVehiculos\reformas-app\projects\reformas-test\src\app\formulario-taller\gestionar-taller.component.ts", "TypeScript", 0, 0, 0, 0, 191, 0, 0, 0, 0, 25, 216
"c:\ProyectoVehiculos\ProyectoReformasVehiculos\reformas-app\projects\reformas-test\src\app\generador-documentos\generador-documentos.component.css", "PostCSS", 0, 0, 0, 0, 0, 0, 0, 0, 0, 1, 1
"c:\ProyectoVehiculos\ProyectoReformasVehiculos\reformas-app\projects\reformas-test\src\app\generador-documentos\generador-documentos.component.html", "HTML", 0, 0, 0, 0, 0, 210, 0, 0, 7, 15, 232
"c:\ProyectoVehiculos\ProyectoReformasVehiculos\reformas-app\projects\reformas-test\src\app\generador-documentos\generador-documentos.component.spec.ts", "TypeScript", 0, 0, 0, 0, 18, 0, 0, 0, 0, 6, 24
"c:\ProyectoVehiculos\ProyectoReformasVehiculos\reformas-app\projects\reformas-test\src\app\generador-documentos\generador-documentos.component.ts", "TypeScript", 0, 0, 0, 0, 155, 0, 0, 0, 1, 27, 183
"c:\ProyectoVehiculos\ProyectoReformasVehiculos\reformas-app\projects\reformas-test\src\app\generadores\certificado-final-obra.ts", "TypeScript", 0, 0, 0, 0, 1127, 0, 0, 0, 28, 71, 1226
"c:\ProyectoVehiculos\ProyectoReformasVehiculos\reformas-app\projects\reformas-test\src\app\generadores\certificado-taller.ts", "TypeScript", 0, 0, 0, 0, 183, 0, 0, 0, 2, 18, 203
"c:\ProyectoVehiculos\ProyectoReformasVehiculos\reformas-app\projects\reformas-test\src\app\generadores\declaracion-responsable.ts", "TypeScript", 0, 0, 0, 0, 236, 0, 0, 0, 39, 42, 317
"c:\ProyectoVehiculos\ProyectoReformasVehiculos\reformas-app\projects\reformas-test\src\app\generadores\memoria-tecnica.ts", "TypeScript", 0, 0, 0, 0, 3245, 0, 0, 0, 71, 117, 3433
"c:\ProyectoVehiculos\ProyectoReformasVehiculos\reformas-app\projects\reformas-test\src\app\generadores\proyecto-word.ts", "TypeScript", 0, 0, 0, 0, 4701, 0, 0, 0, 93, 189, 4983
"c:\ProyectoVehiculos\ProyectoReformasVehiculos\reformas-app\projects\reformas-test\src\app\gestionar-ingeniero\gestionar-ingeniero.component.css", "PostCSS", 0, 0, 0, 0, 0, 0, 0, 0, 0, 1, 1
"c:\ProyectoVehiculos\ProyectoReformasVehiculos\reformas-app\projects\reformas-test\src\app\gestionar-ingeniero\gestionar-ingeniero.component.html", "HTML", 0, 0, 0, 0, 0, 159, 0, 0, 3, 5, 167
"c:\ProyectoVehiculos\ProyectoReformasVehiculos\reformas-app\projects\reformas-test\src\app\gestionar-ingeniero\gestionar-ingeniero.component.spec.ts", "TypeScript", 0, 0, 0, 0, 18, 0, 0, 0, 0, 6, 24
"c:\ProyectoVehiculos\ProyectoReformasVehiculos\reformas-app\projects\reformas-test\src\app\gestionar-ingeniero\gestionar-ingeniero.component.ts", "TypeScript", 0, 0, 0, 0, 216, 0, 0, 0, 0, 26, 242
"c:\ProyectoVehiculos\ProyectoReformasVehiculos\reformas-app\projects\reformas-test\src\app\interfaces\modificacion.ts", "TypeScript", 0, 0, 0, 0, 478, 0, 0, 0, 0, 17, 495
"c:\ProyectoVehiculos\ProyectoReformasVehiculos\reformas-app\projects\reformas-test\src\app\pages\canva\canva.component.css", "PostCSS", 0, 0, 0, 0, 0, 0, 0, 0, 0, 1, 1
"c:\ProyectoVehiculos\ProyectoReformasVehiculos\reformas-app\projects\reformas-test\src\app\pages\canva\canva.component.html", "HTML", 0, 0, 0, 0, 0, 119, 0, 0, 4, 5, 128
"c:\ProyectoVehiculos\ProyectoReformasVehiculos\reformas-app\projects\reformas-test\src\app\pages\canva\canva.component.spec.ts", "TypeScript", 0, 0, 0, 0, 18, 0, 0, 0, 0, 6, 24
"c:\ProyectoVehiculos\ProyectoReformasVehiculos\reformas-app\projects\reformas-test\src\app\pages\canva\canva.component.ts", "TypeScript", 0, 0, 0, 0, 295, 0, 0, 0, 26, 54, 375
"c:\ProyectoVehiculos\ProyectoReformasVehiculos\reformas-app\projects\reformas-test\src\app\pages\cocheono\cocheono.component.css", "PostCSS", 0, 0, 0, 0, 0, 0, 0, 0, 0, 1, 1
"c:\ProyectoVehiculos\ProyectoReformasVehiculos\reformas-app\projects\reformas-test\src\app\pages\cocheono\cocheono.component.html", "HTML", 0, 0, 0, 0, 0, 90, 0, 0, 1, 8, 99
"c:\ProyectoVehiculos\ProyectoReformasVehiculos\reformas-app\projects\reformas-test\src\app\pages\cocheono\cocheono.component.spec.ts", "TypeScript", 0, 0, 0, 0, 18, 0, 0, 0, 0, 6, 24
"c:\ProyectoVehiculos\ProyectoReformasVehiculos\reformas-app\projects\reformas-test\src\app\pages\cocheono\cocheono.component.ts", "TypeScript", 0, 0, 0, 0, 68, 0, 0, 0, 13, 16, 97
"c:\ProyectoVehiculos\ProyectoReformasVehiculos\reformas-app\projects\reformas-test\src\app\pages\crear-reforma\crear-reforma.component.css", "PostCSS", 0, 0, 0, 0, 0, 0, 0, 0, 0, 1, 1
"c:\ProyectoVehiculos\ProyectoReformasVehiculos\reformas-app\projects\reformas-test\src\app\pages\crear-reforma\crear-reforma.component.html", "HTML", 0, 0, 0, 0, 0, 99, 0, 0, 2, 4, 105
"c:\ProyectoVehiculos\ProyectoReformasVehiculos\reformas-app\projects\reformas-test\src\app\pages\crear-reforma\crear-reforma.component.spec.ts", "TypeScript", 0, 0, 0, 0, 18, 0, 0, 0, 0, 6, 24
"c:\ProyectoVehiculos\ProyectoReformasVehiculos\reformas-app\projects\reformas-test\src\app\pages\crear-reforma\crear-reforma.component.ts", "TypeScript", 0, 0, 0, 0, 739, 0, 0, 0, 47, 100, 886
"c:\ProyectoVehiculos\ProyectoReformasVehiculos\reformas-app\projects\reformas-test\src\app\pages\editar-reforma\editar-reforma.component.css", "PostCSS", 0, 0, 0, 0, 0, 0, 0, 0, 0, 1, 1
"c:\ProyectoVehiculos\ProyectoReformasVehiculos\reformas-app\projects\reformas-test\src\app\pages\editar-reforma\editar-reforma.component.html", "HTML", 0, 0, 0, 0, 0, 119, 0, 0, 3, 7, 129
"c:\ProyectoVehiculos\ProyectoReformasVehiculos\reformas-app\projects\reformas-test\src\app\pages\editar-reforma\editar-reforma.component.spec.ts", "TypeScript", 0, 0, 0, 0, 18, 0, 0, 0, 0, 6, 24
"c:\ProyectoVehiculos\ProyectoReformasVehiculos\reformas-app\projects\reformas-test\src\app\pages\editar-reforma\editar-reforma.component.ts", "TypeScript", 0, 0, 0, 0, 109, 0, 0, 0, 3, 20, 132
"c:\ProyectoVehiculos\ProyectoReformasVehiculos\reformas-app\projects\reformas-test\src\app\pages\formulario-proyecto\formulario-proyecto.component.css", "PostCSS", 0, 0, 0, 0, 0, 0, 0, 0, 0, 1, 1
"c:\ProyectoVehiculos\ProyectoReformasVehiculos\reformas-app\projects\reformas-test\src\app\pages\formulario-proyecto\formulario-proyecto.component.html", "HTML", 0, 0, 0, 0, 0, 556, 0, 0, 7, 28, 591
"c:\ProyectoVehiculos\ProyectoReformasVehiculos\reformas-app\projects\reformas-test\src\app\pages\formulario-proyecto\formulario-proyecto.component.spec.ts", "TypeScript", 0, 0, 0, 0, 18, 0, 0, 0, 0, 6, 24
"c:\ProyectoVehiculos\ProyectoReformasVehiculos\reformas-app\projects\reformas-test\src\app\pages\formulario-proyecto\formulario-proyecto.component.ts", "TypeScript", 0, 0, 0, 0, 360, 0, 0, 0, 5, 49, 414
"c:\ProyectoVehiculos\ProyectoReformasVehiculos\reformas-app\projects\reformas-test\src\app\pages\home\home.component.css", "PostCSS", 0, 0, 0, 0, 0, 0, 0, 0, 0, 1, 1
"c:\ProyectoVehiculos\ProyectoReformasVehiculos\reformas-app\projects\reformas-test\src\app\pages\home\home.component.html", "HTML", 0, 0, 0, 0, 0, 5, 0, 0, 0, 1, 6
"c:\ProyectoVehiculos\ProyectoReformasVehiculos\reformas-app\projects\reformas-test\src\app\pages\home\home.component.spec.ts", "TypeScript", 0, 0, 0, 0, 18, 0, 0, 0, 0, 6, 24
"c:\ProyectoVehiculos\ProyectoReformasVehiculos\reformas-app\projects\reformas-test\src\app\pages\home\home.component.ts", "TypeScript", 0, 0, 0, 0, 8, 0, 0, 0, 0, 3, 11
"c:\ProyectoVehiculos\ProyectoReformasVehiculos\reformas-app\projects\reformas-test\src\app\pages\imagenes\imagenes.component.css", "PostCSS", 0, 0, 0, 27, 0, 0, 0, 0, 4, 4, 35
"c:\ProyectoVehiculos\ProyectoReformasVehiculos\reformas-app\projects\reformas-test\src\app\pages\imagenes\imagenes.component.html", "HTML", 0, 0, 0, 0, 0, 133, 0, 0, 5, 10, 148
"c:\ProyectoVehiculos\ProyectoReformasVehiculos\reformas-app\projects\reformas-test\src\app\pages\imagenes\imagenes.component.spec.ts", "TypeScript", 0, 0, 0, 0, 18, 0, 0, 0, 0, 6, 24
"c:\ProyectoVehiculos\ProyectoReformasVehiculos\reformas-app\projects\reformas-test\src\app\pages\imagenes\imagenes.component.ts", "TypeScript", 0, 0, 0, 0, 243, 0, 0, 0, 6, 34, 283
"c:\ProyectoVehiculos\ProyectoReformasVehiculos\reformas-app\projects\reformas-test\src\app\pages\mostrar-secciones\mostrar-secciones.component.css", "PostCSS", 0, 0, 0, 17, 0, 0, 0, 0, 0, 4, 21
"c:\ProyectoVehiculos\ProyectoReformasVehiculos\reformas-app\projects\reformas-test\src\app\pages\mostrar-secciones\mostrar-secciones.component.html", "HTML", 0, 0, 0, 0, 0, 40, 0, 0, 0, 1, 41
"c:\ProyectoVehiculos\ProyectoReformasVehiculos\reformas-app\projects\reformas-test\src\app\pages\mostrar-secciones\mostrar-secciones.component.spec.ts", "TypeScript", 0, 0, 0, 0, 18, 0, 0, 0, 0, 6, 24
"c:\ProyectoVehiculos\ProyectoReformasVehiculos\reformas-app\projects\reformas-test\src\app\pages\mostrar-secciones\mostrar-secciones.component.ts", "TypeScript", 0, 0, 0, 0, 116, 0, 0, 0, 8, 17, 141
"c:\ProyectoVehiculos\ProyectoReformasVehiculos\reformas-app\projects\reformas-test\src\app\pages\reformas-previas\reformas-previas.component.css", "PostCSS", 0, 0, 0, 42, 0, 0, 0, 0, 0, 8, 50
"c:\ProyectoVehiculos\ProyectoReformasVehiculos\reformas-app\projects\reformas-test\src\app\pages\reformas-previas\reformas-previas.component.html", "HTML", 0, 0, 0, 0, 0, 27, 0, 0, 0, 4, 31
"c:\ProyectoVehiculos\ProyectoReformasVehiculos\reformas-app\projects\reformas-test\src\app\pages\reformas-previas\reformas-previas.component.spec.ts", "TypeScript", 0, 0, 0, 0, 18, 0, 0, 0, 0, 6, 24
"c:\ProyectoVehiculos\ProyectoReformasVehiculos\reformas-app\projects\reformas-test\src\app\pages\reformas-previas\reformas-previas.component.ts", "TypeScript", 0, 0, 0, 0, 26, 0, 0, 0, 1, 6, 33
"c:\ProyectoVehiculos\ProyectoReformasVehiculos\reformas-app\projects\reformas-test\src\app\pages\resumen-modificaciones\resumen-modificaciones.component.css", "PostCSS", 0, 0, 0, 43, 0, 0, 0, 0, 3, 7, 53
"c:\ProyectoVehiculos\ProyectoReformasVehiculos\reformas-app\projects\reformas-test\src\app\pages\resumen-modificaciones\resumen-modificaciones.component.html", "HTML", 0, 0, 0, 0, 0, 8054, 0, 0, 286, 319, 8659
"c:\ProyectoVehiculos\ProyectoReformasVehiculos\reformas-app\projects\reformas-test\src\app\pages\resumen-modificaciones\resumen-modificaciones.component.spec.ts", "TypeScript", 0, 0, 0, 0, 18, 0, 0, 0, 0, 6, 24
"c:\ProyectoVehiculos\ProyectoReformasVehiculos\reformas-app\projects\reformas-test\src\app\pages\resumen-modificaciones\resumen-modificaciones.component.ts", "TypeScript", 0, 0, 0, 0, 475, 0, 0, 0, 5, 71, 551
"c:\ProyectoVehiculos\ProyectoReformasVehiculos\reformas-app\projects\reformas-test\src\app\pages\seleccion-secciones\seleccion-secciones.component.css", "PostCSS", 0, 0, 0, 17, 0, 0, 0, 0, 0, 4, 21
"c:\ProyectoVehiculos\ProyectoReformasVehiculos\reformas-app\projects\reformas-test\src\app\pages\seleccion-secciones\seleccion-secciones.component.html", "HTML", 0, 0, 0, 0, 0, 29, 0, 0, 0, 3, 32
"c:\ProyectoVehiculos\ProyectoReformasVehiculos\reformas-app\projects\reformas-test\src\app\pages\seleccion-secciones\seleccion-secciones.component.spec.ts", "TypeScript", 0, 0, 0, 0, 18, 0, 0, 0, 0, 6, 24
"c:\ProyectoVehiculos\ProyectoReformasVehiculos\reformas-app\projects\reformas-test\src\app\pages\seleccion-secciones\seleccion-secciones.component.ts", "TypeScript", 0, 0, 0, 0, 56, 0, 0, 0, 0, 11, 67
"c:\ProyectoVehiculos\ProyectoReformasVehiculos\reformas-app\projects\reformas-test\src\app\pages\tipo-vehiculo\tipo-vehiculo.component.css", "PostCSS", 0, 0, 0, 0, 0, 0, 0, 0, 0, 1, 1
"c:\ProyectoVehiculos\ProyectoReformasVehiculos\reformas-app\projects\reformas-test\src\app\pages\tipo-vehiculo\tipo-vehiculo.component.html", "HTML", 0, 0, 0, 0, 0, 591, 0, 0, 18, 4, 613
"c:\ProyectoVehiculos\ProyectoReformasVehiculos\reformas-app\projects\reformas-test\src\app\pages\tipo-vehiculo\tipo-vehiculo.component.spec.ts", "TypeScript", 0, 0, 0, 0, 18, 0, 0, 0, 0, 6, 24
"c:\ProyectoVehiculos\ProyectoReformasVehiculos\reformas-app\projects\reformas-test\src\app\pages\tipo-vehiculo\tipo-vehiculo.component.ts", "TypeScript", 0, 0, 0, 0, 612, 0, 0, 0, 31, 78, 721
"c:\ProyectoVehiculos\ProyectoReformasVehiculos\reformas-app\projects\reformas-test\src\app\services\datos-reforma.service.spec.ts", "TypeScript", 0, 0, 0, 0, 12, 0, 0, 0, 0, 5, 17
"c:\ProyectoVehiculos\ProyectoReformasVehiculos\reformas-app\projects\reformas-test\src\app\services\datos-reforma.service.ts", "TypeScript", 0, 0, 0, 0, 14, 0, 0, 0, 0, 5, 19
"c:\ProyectoVehiculos\ProyectoReformasVehiculos\reformas-app\projects\reformas-test\src\app\services\reformas.service.spec.ts", "TypeScript", 0, 0, 0, 0, 12, 0, 0, 0, 0, 5, 17
"c:\ProyectoVehiculos\ProyectoReformasVehiculos\reformas-app\projects\reformas-test\src\app\services\reformas.service.ts", "TypeScript", 0, 0, 0, 0, 7, 0, 0, 0, 0, 3, 10
"c:\ProyectoVehiculos\ProyectoReformasVehiculos\reformas-app\projects\reformas-test\src\assets\codigos_reforma_vehiculo.json", "JSON", 398, 0, 0, 0, 0, 0, 0, 0, 0, 9, 407
"c:\ProyectoVehiculos\ProyectoReformasVehiculos\reformas-app\projects\reformas-test\src\assets\ingeniero.json", "JSON", 20, 0, 0, 0, 0, 0, 0, 0, 0, 1, 21
"c:\ProyectoVehiculos\ProyectoReformasVehiculos\reformas-app\projects\reformas-test\src\assets\opciones_reforma_vehiculos.json", "JSON", 46, 0, 0, 0, 0, 0, 0, 0, 0, 1, 47
"c:\ProyectoVehiculos\ProyectoReformasVehiculos\reformas-app\projects\reformas-test\src\index.html", "HTML", 0, 0, 0, 0, 0, 13, 0, 0, 0, 1, 14
"c:\ProyectoVehiculos\ProyectoReformasVehiculos\reformas-app\projects\reformas-test\src\main.ts", "TypeScript", 0, 0, 0, 0, 11, 0, 0, 0, 0, 4, 15
"c:\ProyectoVehiculos\ProyectoReformasVehiculos\reformas-app\projects\reformas-test\src\styles.css", "PostCSS", 0, 0, 0, 0, 0, 0, 0, 0, 1, 1, 2
"c:\ProyectoVehiculos\ProyectoReformasVehiculos\reformas-app\projects\reformas-test\src\styles.scss", "SCSS", 0, 0, 0, 0, 0, 0, 0, 0, 1, 1, 2
"c:\ProyectoVehiculos\ProyectoReformasVehiculos\reformas-app\projects\reformas-test\tsconfig.app.json", "JSON", 14, 0, 0, 0, 0, 0, 0, 0, 2, 1, 17
"c:\ProyectoVehiculos\ProyectoReformasVehiculos\reformas-app\projects\reformas-test\tsconfig.spec.json", "JSON", 13, 0, 0, 0, 0, 0, 0, 0, 2, 1, 16
"c:\ProyectoVehiculos\ProyectoReformasVehiculos\reformas-app\src\app\Funciones\buildModificacionesParagraphs.ts", "TypeScript", 0, 0, 0, 0, 2917, 0, 0, 0, 293, 519, 3729
"c:\ProyectoVehiculos\ProyectoReformasVehiculos\reformas-app\src\app\Funciones\calculos.ts", "TypeScript", 0, 0, 0, 0, 4976, 0, 0, 0, 166, 273, 5415
"c:\ProyectoVehiculos\ProyectoReformasVehiculos\reformas-app\src\app\app.component.css", "PostCSS", 0, 0, 0, 0, 0, 0, 0, 0, 0, 1, 1
"c:\ProyectoVehiculos\ProyectoReformasVehiculos\reformas-app\src\app\app.component.html", "HTML", 0, 0, 0, 0, 0, 177, 0, 0, 0, 19, 196
"c:\ProyectoVehiculos\ProyectoReformasVehiculos\reformas-app\src\app\app.component.spec.ts", "TypeScript", 0, 0, 0, 0, 25, 0, 0, 0, 0, 5, 30
"c:\ProyectoVehiculos\ProyectoReformasVehiculos\reformas-app\src\app\app.component.ts", "TypeScript", 0, 0, 0, 0, 32, 0, 0, 0, 3, 8, 43
"c:\ProyectoVehiculos\ProyectoReformasVehiculos\reformas-app\src\app\app.config.ts", "TypeScript", 0, 0, 0, 0, 11, 0, 0, 0, 0, 3, 14
"c:\ProyectoVehiculos\ProyectoReformasVehiculos\reformas-app\src\app\app.routes.ts", "TypeScript", 0, 0, 0, 0, 20, 0, 0, 0, 0, 2, 22
"c:\ProyectoVehiculos\ProyectoReformasVehiculos\reformas-app\src\app\formulario-taller\gestionar-taller.component.css", "PostCSS", 0, 0, 0, 0, 0, 0, 0, 0, 0, 1, 1
"c:\ProyectoVehiculos\ProyectoReformasVehiculos\reformas-app\src\app\formulario-taller\gestionar-taller.component.html", "HTML", 0, 0, 0, 0, 0, 132, 0, 0, 7, 17, 156
"c:\ProyectoVehiculos\ProyectoReformasVehiculos\reformas-app\src\app\formulario-taller\gestionar-taller.component.spec.ts", "TypeScript", 0, 0, 0, 0, 18, 0, 0, 0, 0, 6, 24
"c:\ProyectoVehiculos\ProyectoReformasVehiculos\reformas-app\src\app\formulario-taller\gestionar-taller.component.ts", "TypeScript", 0, 0, 0, 0, 191, 0, 0, 0, 0, 25, 216
"c:\ProyectoVehiculos\ProyectoReformasVehiculos\reformas-app\src\app\generador-documentos\generador-documentos.component.css", "PostCSS", 0, 0, 0, 0, 0, 0, 0, 0, 0, 1, 1
"c:\ProyectoVehiculos\ProyectoReformasVehiculos\reformas-app\src\app\generador-documentos\generador-documentos.component.html", "HTML", 0, 0, 0, 0, 0, 405, 0, 0, 0, 40, 445
"c:\ProyectoVehiculos\ProyectoReformasVehiculos\reformas-app\src\app\generador-documentos\generador-documentos.component.spec.ts", "TypeScript", 0, 0, 0, 0, 18, 0, 0, 0, 0, 6, 24
"c:\ProyectoVehiculos\ProyectoReformasVehiculos\reformas-app\src\app\generador-documentos\generador-documentos.component.ts", "TypeScript", 0, 0, 0, 0, 156, 0, 0, 0, 1, 27, 184
"c:\ProyectoVehiculos\ProyectoReformasVehiculos\reformas-app\src\app\generadores\certificado-final-obra.ts", "TypeScript", 0, 0, 0, 0, 1171, 0, 0, 0, 35, 75, 1281
"c:\ProyectoVehiculos\ProyectoReformasVehiculos\reformas-app\src\app\generadores\certificado-taller.ts", "TypeScript", 0, 0, 0, 0, 227, 0, 0, 0, 3, 18, 248
"c:\ProyectoVehiculos\ProyectoReformasVehiculos\reformas-app\src\app\generadores\declaracion-responsable.ts", "TypeScript", 0, 0, 0, 0, 239, 0, 0, 0, 39, 42, 320
"c:\ProyectoVehiculos\ProyectoReformasVehiculos\reformas-app\src\app\generadores\memoria-tecnica.ts", "TypeScript", 0, 0, 0, 0, 3245, 0, 0, 0, 71, 117, 3433
"c:\ProyectoVehiculos\ProyectoReformasVehiculos\reformas-app\src\app\generadores\proyecto-word.ts", "TypeScript", 0, 0, 0, 0, 5133, 0, 0, 0, 94, 217, 5444
"c:\ProyectoVehiculos\ProyectoReformasVehiculos\reformas-app\src\app\gestionar-ingeniero\gestionar-ingeniero.component.css", "PostCSS", 0, 0, 0, 0, 0, 0, 0, 0, 0, 1, 1
"c:\ProyectoVehiculos\ProyectoReformasVehiculos\reformas-app\src\app\gestionar-ingeniero\gestionar-ingeniero.component.html", "HTML", 0, 0, 0, 0, 0, 139, 0, 0, 8, 20, 167
"c:\ProyectoVehiculos\ProyectoReformasVehiculos\reformas-app\src\app\gestionar-ingeniero\gestionar-ingeniero.component.spec.ts", "TypeScript", 0, 0, 0, 0, 18, 0, 0, 0, 0, 6, 24
"c:\ProyectoVehiculos\ProyectoReformasVehiculos\reformas-app\src\app\gestionar-ingeniero\gestionar-ingeniero.component.ts", "TypeScript", 0, 0, 0, 0, 216, 0, 0, 0, 0, 26, 242
"c:\ProyectoVehiculos\ProyectoReformasVehiculos\reformas-app\src\app\interfaces\modificacion.ts", "TypeScript", 0, 0, 0, 0, 679, 0, 0, 0, 0, 56, 735
"c:\ProyectoVehiculos\ProyectoReformasVehiculos\reformas-app\src\app\pages\canva\canva.component.css", "PostCSS", 0, 0, 0, 0, 0, 0, 0, 0, 0, 1, 1
"c:\ProyectoVehiculos\ProyectoReformasVehiculos\reformas-app\src\app\pages\canva\canva.component.html", "HTML", 0, 0, 0, 0, 0, 283, 0, 0, 0, 28, 311
"c:\ProyectoVehiculos\ProyectoReformasVehiculos\reformas-app\src\app\pages\canva\canva.component.spec.ts", "TypeScript", 0, 0, 0, 0, 18, 0, 0, 0, 0, 6, 24
"c:\ProyectoVehiculos\ProyectoReformasVehiculos\reformas-app\src\app\pages\canva\canva.component.ts", "TypeScript", 0, 0, 0, 0, 325, 0, 0, 0, 26, 58, 409
"c:\ProyectoVehiculos\ProyectoReformasVehiculos\reformas-app\src\app\pages\cocheono\cocheono.component.css", "PostCSS", 0, 0, 0, 0, 0, 0, 0, 0, 0, 1, 1
"c:\ProyectoVehiculos\ProyectoReformasVehiculos\reformas-app\src\app\pages\cocheono\cocheono.component.html", "HTML", 0, 0, 0, 0, 0, 228, 0, 0, 7, 27, 262
"c:\ProyectoVehiculos\ProyectoReformasVehiculos\reformas-app\src\app\pages\cocheono\cocheono.component.spec.ts", "TypeScript", 0, 0, 0, 0, 18, 0, 0, 0, 0, 6, 24
"c:\ProyectoVehiculos\ProyectoReformasVehiculos\reformas-app\src\app\pages\cocheono\cocheono.component.ts", "TypeScript", 0, 0, 0, 0, 59, 0, 0, 0, 22, 16, 97
"c:\ProyectoVehiculos\ProyectoReformasVehiculos\reformas-app\src\app\pages\crear-reforma\crear-reforma.component.css", "PostCSS", 0, 0, 0, 0, 0, 0, 0, 0, 0, 1, 1
"c:\ProyectoVehiculos\ProyectoReformasVehiculos\reformas-app\src\app\pages\crear-reforma\crear-reforma.component.html", "HTML", 0, 0, 0, 0, 0, 189, 0, 0, 12, 25, 226
"c:\ProyectoVehiculos\ProyectoReformasVehiculos\reformas-app\src\app\pages\crear-reforma\crear-reforma.component.spec.ts", "TypeScript", 0, 0, 0, 0, 18, 0, 0, 0, 0, 6, 24
"c:\ProyectoVehiculos\ProyectoReformasVehiculos\reformas-app\src\app\pages\crear-reforma\crear-reforma.component.ts", "TypeScript", 0, 0, 0, 0, 897, 0, 0, 0, 17, 69, 983
"c:\ProyectoVehiculos\ProyectoReformasVehiculos\reformas-app\src\app\pages\editar-reforma\editar-reforma.component.css", "PostCSS", 0, 0, 0, 0, 0, 0, 0, 0, 0, 1, 1
"c:\ProyectoVehiculos\ProyectoReformasVehiculos\reformas-app\src\app\pages\editar-reforma\editar-reforma.component.html", "HTML", 0, 0, 0, 0, 0, 295, 0, 0, 0, 32, 327
"c:\ProyectoVehiculos\ProyectoReformasVehiculos\reformas-app\src\app\pages\editar-reforma\editar-reforma.component.spec.ts", "TypeScript", 0, 0, 0, 0, 18, 0, 0, 0, 0, 6, 24
"c:\ProyectoVehiculos\ProyectoReformasVehiculos\reformas-app\src\app\pages\editar-reforma\editar-reforma.component.ts", "TypeScript", 0, 0, 0, 0, 109, 0, 0, 0, 3, 20, 132
"c:\ProyectoVehiculos\ProyectoReformasVehiculos\reformas-app\src\app\pages\formulario-proyecto\formulario-proyecto.component.css", "PostCSS", 0, 0, 0, 0, 0, 0, 0, 0, 0, 1, 1
"c:\ProyectoVehiculos\ProyectoReformasVehiculos\reformas-app\src\app\pages\formulario-proyecto\formulario-proyecto.component.html", "HTML", 0, 0, 0, 0, 0, 700, 0, 0, 7, 43, 750
"c:\ProyectoVehiculos\ProyectoReformasVehiculos\reformas-app\src\app\pages\formulario-proyecto\formulario-proyecto.component.spec.ts", "TypeScript", 0, 0, 0, 0, 18, 0, 0, 0, 0, 6, 24
"c:\ProyectoVehiculos\ProyectoReformasVehiculos\reformas-app\src\app\pages\formulario-proyecto\formulario-proyecto.component.ts", "TypeScript", 0, 0, 0, 0, 385, 0, 0, 0, 20, 55, 460
"c:\ProyectoVehiculos\ProyectoReformasVehiculos\reformas-app\src\app\pages\home\home.component.css", "PostCSS", 0, 0, 0, 0, 0, 0, 0, 0, 0, 1, 1
"c:\ProyectoVehiculos\ProyectoReformasVehiculos\reformas-app\src\app\pages\home\home.component.html", "HTML", 0, 0, 0, 0, 0, 54, 0, 0, 0, 6, 60
"c:\ProyectoVehiculos\ProyectoReformasVehiculos\reformas-app\src\app\pages\home\home.component.spec.ts", "TypeScript", 0, 0, 0, 0, 18, 0, 0, 0, 0, 6, 24
"c:\ProyectoVehiculos\ProyectoReformasVehiculos\reformas-app\src\app\pages\home\home.component.ts", "TypeScript", 0, 0, 0, 0, 8, 0, 0, 0, 0, 3, 11
"c:\ProyectoVehiculos\ProyectoReformasVehiculos\reformas-app\src\app\pages\imagenes\imagenes.component.css", "PostCSS", 0, 0, 0, 27, 0, 0, 0, 0, 4, 4, 35
"c:\ProyectoVehiculos\ProyectoReformasVehiculos\reformas-app\src\app\pages\imagenes\imagenes.component.html", "HTML", 0, 0, 0, 0, 0, 362, 0, 0, 0, 35, 397
"c:\ProyectoVehiculos\ProyectoReformasVehiculos\reformas-app\src\app\pages\imagenes\imagenes.component.spec.ts", "TypeScript", 0, 0, 0, 0, 18, 0, 0, 0, 0, 6, 24
"c:\ProyectoVehiculos\ProyectoReformasVehiculos\reformas-app\src\app\pages\imagenes\imagenes.component.ts", "TypeScript", 0, 0, 0, 0, 348, 0, 0, 0, 27, 54, 429
"c:\ProyectoVehiculos\ProyectoReformasVehiculos\reformas-app\src\app\pages\mostrar-secciones\mostrar-secciones.component.css", "PostCSS", 0, 0, 0, 17, 0, 0, 0, 0, 0, 4, 21
"c:\ProyectoVehiculos\ProyectoReformasVehiculos\reformas-app\src\app\pages\mostrar-secciones\mostrar-secciones.component.html", "HTML", 0, 0, 0, 0, 0, 158, 0, 0, 0, 20, 178
"c:\ProyectoVehiculos\ProyectoReformasVehiculos\reformas-app\src\app\pages\mostrar-secciones\mostrar-secciones.component.spec.ts", "TypeScript", 0, 0, 0, 0, 18, 0, 0, 0, 0, 6, 24
"c:\ProyectoVehiculos\ProyectoReformasVehiculos\reformas-app\src\app\pages\mostrar-secciones\mostrar-secciones.component.ts", "TypeScript", 0, 0, 0, 0, 120, 0, 0, 0, 8, 17, 145
"c:\ProyectoVehiculos\ProyectoReformasVehiculos\reformas-app\src\app\pages\reformas-previas\reformas-previas.component.css", "PostCSS", 0, 0, 0, 42, 0, 0, 0, 0, 0, 8, 50
"c:\ProyectoVehiculos\ProyectoReformasVehiculos\reformas-app\src\app\pages\reformas-previas\reformas-previas.component.html", "HTML", 0, 0, 0, 0, 0, 137, 0, 0, 0, 18, 155
"c:\ProyectoVehiculos\ProyectoReformasVehiculos\reformas-app\src\app\pages\reformas-previas\reformas-previas.component.spec.ts", "TypeScript", 0, 0, 0, 0, 18, 0, 0, 0, 0, 6, 24
"c:\ProyectoVehiculos\ProyectoReformasVehiculos\reformas-app\src\app\pages\reformas-previas\reformas-previas.component.ts", "TypeScript", 0, 0, 0, 0, 26, 0, 0, 0, 1, 6, 33
"c:\ProyectoVehiculos\ProyectoReformasVehiculos\reformas-app\src\app\pages\resumen-modificaciones\resumen-modificaciones.component.css", "PostCSS", 0, 0, 0, 43, 0, 0, 0, 0, 3, 7, 53
"c:\ProyectoVehiculos\ProyectoReformasVehiculos\reformas-app\src\app\pages\resumen-modificaciones\resumen-modificaciones.component.html", "HTML", 0, 0, 0, 0, 0, 19004, 0, 0, 61, 654, 19719
"c:\ProyectoVehiculos\ProyectoReformasVehiculos\reformas-app\src\app\pages\resumen-modificaciones\resumen-modificaciones.component.spec.ts", "TypeScript", 0, 0, 0, 0, 18, 0, 0, 0, 0, 6, 24
"c:\ProyectoVehiculos\ProyectoReformasVehiculos\reformas-app\src\app\pages\resumen-modificaciones\resumen-modificaciones.component.ts", "TypeScript", 0, 0, 0, 0, 294, 0, 0, 0, 0, 35, 329
"c:\ProyectoVehiculos\ProyectoReformasVehiculos\reformas-app\src\app\pages\seleccion-secciones\seleccion-secciones.component.css", "PostCSS", 0, 0, 0, 17, 0, 0, 0, 0, 0, 4, 21
"c:\ProyectoVehiculos\ProyectoReformasVehiculos\reformas-app\src\app\pages\seleccion-secciones\seleccion-secciones.component.html", "HTML", 0, 0, 0, 0, 0, 156, 0, 0, 0, 21, 177
"c:\ProyectoVehiculos\ProyectoReformasVehiculos\reformas-app\src\app\pages\seleccion-secciones\seleccion-secciones.component.spec.ts", "TypeScript", 0, 0, 0, 0, 18, 0, 0, 0, 0, 6, 24
"c:\ProyectoVehiculos\ProyectoReformasVehiculos\reformas-app\src\app\pages\seleccion-secciones\seleccion-secciones.component.ts", "TypeScript", 0, 0, 0, 0, 72, 0, 0, 0, 9, 13, 94
"c:\ProyectoVehiculos\ProyectoReformasVehiculos\reformas-app\src\app\pages\tipo-vehiculo\tipo-vehiculo.component.css", "PostCSS", 0, 0, 0, 0, 0, 0, 0, 0, 0, 1, 1
"c:\ProyectoVehiculos\ProyectoReformasVehiculos\reformas-app\src\app\pages\tipo-vehiculo\tipo-vehiculo.component.html", "HTML", 0, 0, 0, 0, 0, 705, 0, 0, 0, 20, 725
"c:\ProyectoVehiculos\ProyectoReformasVehiculos\reformas-app\src\app\pages\tipo-vehiculo\tipo-vehiculo.component.spec.ts", "TypeScript", 0, 0, 0, 0, 18, 0, 0, 0, 0, 6, 24
"c:\ProyectoVehiculos\ProyectoReformasVehiculos\reformas-app\src\app\pages\tipo-vehiculo\tipo-vehiculo.component.ts", "TypeScript", 0, 0, 0, 0, 893, 0, 0, 0, 32, 82, 1007
"c:\ProyectoVehiculos\ProyectoReformasVehiculos\reformas-app\src\app\services\datos-reforma.service.spec.ts", "TypeScript", 0, 0, 0, 0, 12, 0, 0, 0, 0, 5, 17
"c:\ProyectoVehiculos\ProyectoReformasVehiculos\reformas-app\src\app\services\datos-reforma.service.ts", "TypeScript", 0, 0, 0, 0, 14, 0, 0, 0, 0, 5, 19
"c:\ProyectoVehiculos\ProyectoReformasVehiculos\reformas-app\src\app\services\reformas.service.spec.ts", "TypeScript", 0, 0, 0, 0, 12, 0, 0, 0, 0, 5, 17
"c:\ProyectoVehiculos\ProyectoReformasVehiculos\reformas-app\src\app\services\reformas.service.ts", "TypeScript", 0, 0, 0, 0, 7, 0, 0, 0, 0, 3, 10
"c:\ProyectoVehiculos\ProyectoReformasVehiculos\reformas-app\src\assets\codigos_reforma_vehiculo.json", "JSON", 398, 0, 0, 0, 0, 0, 0, 0, 0, 9, 407
"c:\ProyectoVehiculos\ProyectoReformasVehiculos\reformas-app\src\assets\ingeniero.json", "JSON", 20, 0, 0, 0, 0, 0, 0, 0, 0, 1, 21
"c:\ProyectoVehiculos\ProyectoReformasVehiculos\reformas-app\src\assets\opciones_reforma_vehiculos.json", "JSON", 46, 0, 0, 0, 0, 0, 0, 0, 0, 1, 47
"c:\ProyectoVehiculos\ProyectoReformasVehiculos\reformas-app\src\index.html", "HTML", 0, 0, 0, 0, 0, 13, 0, 0, 0, 1, 14
"c:\ProyectoVehiculos\ProyectoReformasVehiculos\reformas-app\src\main.ts", "TypeScript", 0, 0, 0, 0, 11, 0, 0, 0, 0, 4, 15
"c:\ProyectoVehiculos\ProyectoReformasVehiculos\reformas-app\src\styles.css", "PostCSS", 0, 0, 0, 0, 0, 0, 0, 0, 1, 1, 2
"c:\ProyectoVehiculos\ProyectoReformasVehiculos\reformas-app\tsconfig.app.json", "JSON", 15, 0, 0, 0, 0, 0, 0, 0, 2, 1, 18
"c:\ProyectoVehiculos\ProyectoReformasVehiculos\reformas-app\tsconfig.json", "JSON with Comments", 0, 0, 39, 0, 0, 0, 0, 0, 2, 1, 42
"c:\ProyectoVehiculos\ProyectoReformasVehiculos\reformas-app\tsconfig.spec.json", "JSON", 13, 0, 0, 0, 0, 0, 0, 0, 2, 1, 16
"Total", "-", 33796, 37, 39, 362, 51124, 43217, 0, 313, 2447, 6471, 137806